[
  {
    "Id": 1,
    "Name": "John Doe",
    "MembershipEnd": "2024-12-29T00:40:43.1563865",
    "MembershipStart": "2023-12-29T00:40:43.1563865",
    "ImageName": "John Doe.jpg"
  },
  {
    "Id": 2,
    "Name": "Jane Doe",
    "MembershipEnd": "2024-01-01T00:40:43.1589724",
    "MembershipStart": "2023-01-01T00:40:43.1589724",
    "ImageName": "Jane Doe.jpg"
  },
  {
    "Id": 3,
    "Name": "Alice Smith",
    "MembershipEnd": "2023-04-27T00:40:43.1589751",
    "MembershipStart": "2022-04-27T00:40:43.1589751",
    "ImageName": "Alice Smith.jpg"
  },
  {
    "Id": 4,
    "Name": "Bob Johnson",
    "MembershipEnd": "2024-04-04T00:40:43.1589754",
    "MembershipStart": "2023-04-04T00:40:43.1589754",
    "ImageName": "Bob Johnson.jpg"
  },
  {
    "Id": 5,
    "Name": "Charlie Williams",
    "MembershipEnd": "2023-03-05T00:40:43.1589755",
    "MembershipStart": "2022-03-05T00:40:43.1589755",
    "ImageName": "Charlie Williams.jpg"
  },
  {
    "Id": 6,
    "Name": "David Johnson",
    "MembershipEnd": "2023-12-21T00:40:43.1589757",
    "MembershipStart": "2022-12-21T00:40:43.1589757",
    "ImageName": "David Johnson.jpg"
  },
  {
    "Id": 7,
    "Name": "Emily Smith",
    "MembershipEnd": "2024-07-17T00:40:43.1589759",
    "MembershipStart": "2023-07-17T00:40:43.1589759",
    "ImageName": "Emily Smith.jpg"
  },
  {
    "Id": 8,
    "Name": "Michael Brown",
    "MembershipEnd": "2023-11-28T00:40:43.158976",
    "MembershipStart": "2022-11-28T00:40:43.158976",
    "ImageName": "Michael Brown.jpg"
  },
  {
    "Id": 9,
    "Name": "Sophia Wilson",
    "MembershipEnd": "2023-10-22T00:40:43.1589762",
    "MembershipStart": "2022-10-22T00:40:43.1589762",
    "ImageName": "Sophia Wilson.jpg"
  },
  {
    "Id": 10,
    "Name": "Oliver Davis",
    "MembershipEnd": "2024-09-08T00:40:43.1589763",
    "MembershipStart": "2023-09-08T00:40:43.1589763",
    "ImageName": "Oliver Davis.jpg"
  },
  {
    "Id": 11,
    "Name": "Daniel Thompson",
    "MembershipEnd": "2024-07-31T00:40:43.1589765",
    "MembershipStart": "2023-07-31T00:40:43.1589765",
    "ImageName": "Daniel Thompson.jpg"
  },
  {
    "Id": 12,
    "Name": "Elizabeth Anderson",
    "MembershipEnd": "2024-08-22T00:40:43.1589766",
    "MembershipStart": "2023-08-22T00:40:43.1589766",
    "ImageName": "Elizabeth Anderson.jpg"
  },
  {
    "Id": 13,
    "Name": "Matthew Martinez",
    "MembershipEnd": "2024-10-17T00:40:43.1589768",
    "MembershipStart": "2023-10-17T00:40:43.1589768",
    "ImageName": "Matthew Martinez.jpg"
  },
  {
    "Id": 14,
    "Name": "Chloe Taylor",
    "MembershipEnd": "2024-02-23T00:40:43.1589769",
    "MembershipStart": "2023-02-23T00:40:43.1589769",
    "ImageName": "Chloe Taylor.jpg"
  },
  {
    "Id": 15,
    "Name": "Andrew Hernandez",
    "MembershipEnd": "2024-07-24T00:40:43.158977",
    "MembershipStart": "2023-07-24T00:40:43.158977",
    "ImageName": "Andrew Hernandez.jpg"
  },
  {
    "Id": 16,
    "Name": "Ella Wilson",
    "MembershipEnd": "2024-10-06T00:40:43.1589772",
    "MembershipStart": "2023-10-06T00:40:43.1589772",
    "ImageName": "Ella Wilson.jpg"
  },
  {
    "Id": 17,
    "Name": "Henry Johnson",
    "MembershipEnd": "2024-08-08T00:40:43.1589773",
    "MembershipStart": "2023-08-08T00:40:43.1589773",
    "ImageName": "Henry Johnson.jpg"
  },
  {
    "Id": 18,
    "Name": "Victoria Smith",
    "MembershipEnd": "2024-10-26T00:40:43.1589774",
    "MembershipStart": "2023-10-26T00:40:43.1589774",
    "ImageName": "Victoria Smith.jpg"
  },
  {
    "Id": 19,
    "Name": "Joseph Brown",
    "MembershipEnd": "2024-01-27T00:40:43.1589776",
    "MembershipStart": "2023-01-27T00:40:43.1589776",
    "ImageName": "Joseph Brown.jpg"
  },
  {
    "Id": 20,
    "Name": "Grace Wilson",
    "MembershipEnd": "2024-05-10T00:40:43.1589777",
    "MembershipStart": "2023-05-10T00:40:43.1589777",
    "ImageName": "Grace Wilson.jpg"
  },
  {
    "Id": 21,
    "Name": "Samuel Davis",
    "MembershipEnd": "2024-05-01T00:40:43.1589778",
    "MembershipStart": "2023-05-01T00:40:43.1589778",
    "ImageName": "Samuel Davis.jpg"
  },
  {
    "Id": 22,
    "Name": "Natalie Thompson",
    "MembershipEnd": "2024-09-01T00:40:43.158978",
    "MembershipStart": "2023-09-01T00:40:43.158978",
    "ImageName": "Natalie Thompson.jpg"
  },
  {
    "Id": 23,
    "Name": "Benjamin Anderson",
    "MembershipEnd": "2024-01-06T00:40:43.1589781",
    "MembershipStart": "2023-01-06T00:40:43.1589781",
    "ImageName": "Benjamin Anderson.jpg"
  },
  {
    "Id": 24,
    "Name": "Lily Martinez",
    "MembershipEnd": "2023-10-30T00:40:43.1589782",
    "MembershipStart": "2022-10-30T00:40:43.1589782",
    "ImageName": "Lily Martinez.jpg"
  },
  {
    "Id": 25,
    "Name": "Gabriel Taylor",
    "MembershipEnd": "2024-11-25T00:40:43.1589784",
    "MembershipStart": "2023-11-25T00:40:43.1589784",
    "ImageName": "Gabriel Taylor.jpg"
  },
  {
    "Id": 26,
    "Name": "Isabella Johnson",
    "MembershipEnd": "2024-08-26T00:40:43.1589785",
    "MembershipStart": "2023-08-26T00:40:43.1589785",
    "ImageName": "Isabella Johnson.jpg"
  },
  {
    "Id": 27,
    "Name": "James Smith",
    "MembershipEnd": "2023-03-27T00:40:43.1589786",
    "MembershipStart": "2022-03-27T00:40:43.1589786",
    "ImageName": "James Smith.jpg"
  },
  {
    "Id": 28,
    "Name": "Sophia Brown",
    "MembershipEnd": "2024-12-11T00:40:43.1589787",
    "MembershipStart": "2023-12-11T00:40:43.1589787",
    "ImageName": "Sophia Brown.jpg"
  },
  {
    "Id": 29,
    "Name": "Alexander Wilson",
    "MembershipEnd": "2024-05-07T00:40:43.1589789",
    "MembershipStart": "2023-05-07T00:40:43.1589789",
    "ImageName": "Alexander Wilson.jpg"
  },
  {
    "Id": 30,
    "Name": "Olivia Davis",
    "MembershipEnd": "2024-10-12T00:40:43.158979",
    "MembershipStart": "2023-10-12T00:40:43.158979",
    "ImageName": "Olivia Davis.jpg"
  },
  {
    "Id": 31,
    "Name": "William Taylor",
    "MembershipEnd": "2024-12-01T00:40:43.1589791",
    "MembershipStart": "2023-12-01T00:40:43.1589791",
    "ImageName": "William Taylor.jpg"
  },
  {
    "Id": 32,
    "Name": "Ava Anderson",
    "MembershipEnd": "2024-12-27T00:40:43.1589793",
    "MembershipStart": "2023-12-27T00:40:43.1589793",
    "ImageName": "Ava Anderson.jpg"
  },
  {
    "Id": 33,
    "Name": "Mason Martinez",
    "MembershipEnd": "2023-11-18T00:40:43.1589794",
    "MembershipStart": "2022-11-18T00:40:43.1589794",
    "ImageName": "Mason Martinez.jpg"
  },
  {
    "Id": 34,
    "Name": "Charlotte Thompson",
    "MembershipEnd": "2024-12-27T00:40:43.1589795",
    "MembershipStart": "2022-12-27T00:40:43.1589795",
    "ImageName": "Charlotte Thompson.jpg"
  },
  {
    "Id": 35,
    "Name": "Liam Hernandez",
    "MembershipEnd": "2024-03-10T00:40:43.1589796",
    "MembershipStart": "2023-03-10T00:40:43.1589796",
    "ImageName": "Liam Hernandez.jpg"
  },
  {
    "Id": 36,
    "Name": "Amelia Johnson",
    "MembershipEnd": "2023-07-05T00:40:43.1589798",
    "MembershipStart": "2022-07-05T00:40:43.1589798",
    "ImageName": "Amelia Johnson.jpg"
  },
  {
    "Id": 37,
    "Name": "Benjamin Smith",
    "MembershipEnd": "2024-07-17T00:40:43.1589799",
    "MembershipStart": "2023-07-17T00:40:43.1589799",
    "ImageName": "Benjamin Smith.jpg"
  },
  {
    "Id": 38,
    "Name": "Mia Brown",
    "MembershipEnd": "2023-12-01T00:40:43.15898",
    "MembershipStart": "2022-12-01T00:40:43.15898",
    "ImageName": "Mia Brown.jpg"
  },
  {
    "Id": 39,
    "Name": "Lucas Wilson",
    "MembershipEnd": "2024-11-07T00:40:43.1589802",
    "MembershipStart": "2023-11-07T00:40:43.1589802",
    "ImageName": "Lucas Wilson.jpg"
  },
  {
    "Id": 40,
    "Name": "Harper Davis",
    "MembershipEnd": "2023-11-08T00:40:43.1589803",
    "MembershipStart": "2022-11-08T00:40:43.1589803",
    "ImageName": "Harper Davis.jpg"
  },
  {
    "Id": 41,
    "Name": "Evelyn Taylor",
    "MembershipEnd": "2023-04-04T00:40:43.1589804",
    "MembershipStart": "2022-04-04T00:40:43.1589804",
    "ImageName": "Evelyn Taylor.jpg"
  },
  {
    "Id": 42,
    "Name": "Henry Anderson",
    "MembershipEnd": "2023-08-26T00:40:43.1589806",
    "MembershipStart": "2022-08-26T00:40:43.1589806",
    "ImageName": "Henry Anderson.jpg"
  },
  {
    "Id": 43,
    "Name": "Scarlett Martinez",
    "MembershipEnd": "2023-06-09T00:40:43.1589807",
    "MembershipStart": "2022-06-09T00:40:43.1589807",
    "ImageName": "Scarlett Martinez.jpg"
  },
  {
    "Id": 44,
    "Name": "Aria Thompson",
    "MembershipEnd": "2023-02-23T00:40:43.1589809",
    "MembershipStart": "2022-02-23T00:40:43.1589809",
    "ImageName": "Aria Thompson.jpg"
  },
  {
    "Id": 45,
    "Name": "Daniel Hernandez",
    "MembershipEnd": "2024-07-21T00:40:43.158981",
    "MembershipStart": "2022-07-21T00:40:43.158981",
    "ImageName": "Daniel Hernandez.jpg"
  },
  {
    "Id": 46,
    "Name": "Grace Johnson",
    "MembershipEnd": "2024-02-15T00:40:43.1589811",
    "MembershipStart": "2023-02-15T00:40:43.1589811",
    "ImageName": "Grace Johnson.jpg"
  },
  {
    "Id": 47,
    "Name": "Jackson Smith",
    "MembershipEnd": "2024-08-22T00:40:43.1589813",
    "MembershipStart": "2023-08-22T00:40:43.1589813",
    "ImageName": "Jackson Smith.jpg"
  },
  {
    "Id": 48,
    "Name": "Victoria Brown",
    "MembershipEnd": "2023-07-08T00:40:43.1589814",
    "MembershipStart": "2022-07-08T00:40:43.1589814",
    "ImageName": "Victoria Brown.jpg"
  },
  {
    "Id": 49,
    "Name": "Levi Wilson",
    "MembershipEnd": "2023-09-06T00:40:43.1589815",
    "MembershipStart": "2022-09-06T00:40:43.1589815",
    "ImageName": "Levi Wilson.jpg"
  },
  {
    "Id": 50,
    "Name": "Penelope Davis",
    "MembershipEnd": "2024-07-19T00:40:43.1589816",
    "MembershipStart": "2023-07-19T00:40:43.1589816",
    "ImageName": "Penelope Davis.jpg"
  }
]